{"cname": "江苏西格数据科技有限公司", "pname": "大数据工程师（流式处理）", "workplace": "苏州-工业园区", "welfare": "五险一金,补充医疗保险,员工旅游,专业培训,餐饮补贴,绩效奖金,股票期权,弹性工作,定期体检,年终奖金", "salary": "1", "education": "硕士", "experience": "不限", "requirement": "【岗位职责】1、负责大数据集群环境的底层搭建和运行维护，分割开发环境和生产环境，完成系统框架和核心代码的实现，规整相关工具和脚本文档；2、负责实时流计算框架开发，应用job的编写和各生态组建的配合使用，设计或配合算法工程师实现算法，解决数据挖掘相关问题，做好大数据应用任务的开发；3、负责接口API开发，对接数据采集和web展示4、协助把客户大数据处理的业务需求转换到产品开发任务5、参加大数据产品的系统设计、开发、测试、部署和集成，优化系统效率【任职要求】1、计算机软件相关专业，本科以上，（211或985）2、掌握大数据生态组建的搭建和使用，有集群的快速搭建维护和相关工具脚本的使用经验，精通JAVA,Scala,Python其中至少一门语言3、掌握主流的实时计算框架，熟悉使用storm或sparkstreaming,以及Kafka等消息件的组合使用，有相关项目开发经验，了解过源码的优先4、熟悉大数据的分布式存储、SQL、计算引擎等组建和方法，熟悉数据库/数据仓库设计5、熟悉Linux开发环境，掌握shell编程6、能在团队中做技术指导，帮助和带动其他人1、踏实敬业，严谨负责，良好的沟通表达能力、学习能力、文字处理能力、承压性及团队合作精神。", "ctype": "民营公司", "scale": "50-150人", "nature": "计算机软件", "dlink": "https://jobs.51job.com/suzhou-gyyq/102777521.html?s=01&t=0"}
{"cname": "北京思特奇信息技术股份有限公司广州分公司", "pname": "大数据业务部门_Hadoop高级工程师", "workplace": "广州", "welfare": "五险一金,补充医疗保险,员工旅游,交通补贴,餐饮补贴,通讯补贴,专业培训,绩效奖金,定期体检", "salary": "1", "education": "本科", "experience": "不限", "requirement": "职位说明：1、负责公司大数据处理处理和分析平台的架构和开发；2、为项目组提供大数据分析手段支撑；3、提供大数据平台上的数据挖掘产品规划，配合产品同事进行相关产品研发；4、在部门内普及大数据处理知识和技能。任职资格：1、两年以上Java开发相关工作经验，熟悉Java核心技术；2、熟悉常用的数据库如oralce、mysql等关系型数据库，有分布式缓存、分布式存储技术经验者优先；3、熟悉大数据基础架构，对流式系统、并行计算、实时流计算等技术有较深的理解；4、熟悉Hadoop、Hive、Hbase、Storm等技术和架构；5、熟悉JavaScript/理解jQuery等框架/HTML5/Bootstrap者优先；6、责任心强，具有良好的团队合作精神，学习能力强；7、熟悉爬虫技术、文本挖掘算法和推荐算法者优先。", "ctype": "上市公司", "scale": "1000-5000人", "nature": "通信/电信/网络设备,计算机软件", "dlink": "https://jobs.51job.com/guangzhou/74732670.html?s=01&t=0"}
{"cname": "重庆同远能源技术有限公司", "pname": "大数据开发工程师", "workplace": "重庆", "welfare": "五险一金,专业培训,绩效奖金,员工旅游,弹性工作,定期体检,股票期权", "salary": "1", "education": "大专", "experience": "3-4年", "requirement": "工作职责：1、面向电力行业业务需求，确定大数据平台的技术架构设计和技术路线；2、负责大数据平台的搭建与开发；3、负责大数据分布式存储系统、分布式计算系统产品的架构设计；4、负责大数据应用相关解决方案的设计，进行技术方案材料的撰写；5、负责大数据平台应用于具体业务场景中的二次开发技术选型以及关键技术问题公关；6、跟踪大数据平台产品/组件的线上运营，主动进行改进优化；7、跟踪大数据技术领域的发展趋势，能运用新技术有效改进和提升产品性能，保持在业界领先水平任职资格：1、有3年以上大数据平台的研发和运营改进经验，有海量数据平台核心工作经验者优先；2、具备海量数据处理架构设计和相关经验；3、具备大容量、高性能、高可用、分布式架构设计和调优经验；4、熟悉hadoop、spark、flume、kafka、redis等分布式系统应用的经验者优先；5、熟悉scala/java、python/shell等语言优先；6、熟悉商业BI；7、优秀的分析问题，解决问题能力；8、参加过大数据大型项目的优先考虑。", "ctype": "民营公司", "scale": "50-150人", "nature": "计算机软件,互联网/电子商务", "dlink": "https://jobs.51job.com/chongqing/92330158.html?s=01&t=0"}
{"cname": "武汉博晟信息科技有限公司", "pname": "大数据开发工程师", "workplace": "武汉-洪山区", "welfare": "五险一金,员工旅游,餐饮补贴,绩效奖金,年终奖金", "salary": "", "education": "招2人", "experience": "1年", "requirement": "岗位职责：1.负责Hadoop集群以及Hive、HBase、Pig等相关软件配置、优化、维护、管理。2.负责Hadoop数据分析模块与其它系统/模块之间的衔接，为BI提供基础数据分析。3.运用数据挖掘算法，解决海量数据分析、挖掘方面的业务需求。任职要求：1.本科及以上学历，计算机或数学相关专业，1年以上软件开发经验。2.熟悉Hadoop、Hive、Pig等非实时分析工具的一种或者多种。3.熟悉Redis、Hbase、MongoDB等NoSql产品中的一种或者多种。4.有Spark、Storm、Pig等开源组件的使用经验者优先。5.有“用户画像”或者推荐引擎相关数据挖掘经验者优先；福利待遇：1.公司为员工缴纳五险一金，另为每位员工缴纳商业保险；2.周一至周五，每天8小时工作制，法定节假日按照劳动法规定；3.享受餐补、每个季度举行丰富员工活动并享受各节假日福利；4.特定节假日（如：十一、中秋、圣诞节）前一天避免高峰期提前下班；5.按照劳动法规定享受年假/婚假/产假/陪产假/丧假等假期，另额外享受婚丧嫁娶等慰问金；6.薪资组成=基本工资+岗位工资+绩效工资+工龄工资+其它相关补贴+年终奖金。", "ctype": "上市公司", "scale": "50-150人", "nature": "计算机软件,电气/电力/水利", "dlink": "https://jobs.51job.com/wuhan-hsq/94414008.html?s=01&t=0"}
{"cname": "上海数鸣人工智能科技有限公司", "pname": "大数据开发工程师", "workplace": "上海-宝山区", "welfare": "五险一金,员工旅游,绩效奖金,定期体检,带薪年假,做五休二,年终奖金,专业培训,出国机会,弹性工作", "salary": "1.5", "education": "本科", "experience": "2年", "requirement": "职位信息-.面向业务目标，从数据模型、数据分布、数据传输、数据存储等方面进行大数据系统的开发；任职资格： 1、4年以上相关的数据库，大数据或数据仓库项目方面工作经验。 2、精通数据库语言（T-SQL / PL-SQL），ETL以及数据建模方面。 3、精通Java/Scala和Spring框架。 4、精通大数据架构相关的知识，如 Hadoop, Spark 或 Qubole。 5、有丰富的数据库工作经验（Teradata，Redshift，DB2，Azure Datawarehouse或Greenplum）。 6、至少精通一种Unix/Linux环境下的脚本语言，如 Python / Perl / Shell / JavaScript。 7、有面向对象设计，SOA，分布式计算，性能调优，高级数据结构和算法，实时分析和大型数据处理方面的知识或经验 8、有敏捷开发/ Scrum经验。", "ctype": "民营公司", "scale": "少于50人", "nature": "互联网/电子商务,金融/投资/证券", "dlink": "https://jobs.51job.com/shanghai-bsq/109528846.html?s=01&t=0"}
{"cname": "深圳火星圈信息技术有限公司", "pname": "资深DBA/大数据架构师", "workplace": "深圳-南山区", "welfare": "五险一金,餐饮补贴,弹性工作,定期体检,绩效奖金,员工旅游", "salary": "3", "education": "大专", "experience": "8-9年", "requirement": "工作职责:1、保证公司核心数据库系统的稳定、高效运行2、根据业务需求，改进数据库架构，实施数据库集群与负载均衡方案3、及时定位和排除数据库故障，并对数据库进行持续性能优化4、提供数据库开发支持，负责SQL代码的上线审核5、熟悉数据库的自动化运维及平台建设解决方案6、基于现有平台开发日常运维工具（Python），配合团队完成整体集成方案任职资格:1、具有8年及以上的数据库管理和开发经验；精通MySQL和Oracle2、维护百台服务器、百个数据库实例以上，单日数据库请求至少在10亿以上的复杂、高并发业务系统数据库，对高并发、复杂SQL以及数据库集群系统具有很强的故障定位和问题解决能力；3、能够独立完成数据库层的架构规划、分布式设计部署、Sharding、分库分表、高可架构；4、了解多种Cluster技术，善于使用开源中间件，熟悉redis等No-SQL技术；5、精通MySQL/Oracle数据库基本原理，深入理解内核优化、存储引擎；6、熟悉Linux基本管理，熟练使用shell。能够使用Python进行运维工具开发；7、有大数据开发或运维背景，熟悉Hadoop、Spark、Hive、Impala等大数据存储和计算组件的同学优先；8、良好的团队协作能力，积极主动，乐于接受挑战，能应对突发应急情况。", "ctype": "民营公司", "scale": "50-150人", "nature": "互联网/电子商务,计算机软件", "dlink": "https://jobs.51job.com/shenzhen-nsq/108253462.html?s=01&t=0"}
{"cname": "安歆公寓", "pname": "00030-大数据开发工程师", "workplace": "上海-徐汇区", "welfare": "五险一金,带薪年假,员工旅游,绩效奖金,高温补贴,包住,节日福利,通讯补贴,生日福利,餐补", "salary": "1.5", "education": "本科", "experience": "2年", "requirement": "职位要求：1、本科或以上学历，两年以上大数据工作经验，熟悉Hadoop生态圈，包括但不限于hadoop、Hive、Spark、kafka，Sqoop、hdfs、HBase、R、Python等大数据平台技术组件。2、精通Oracle、Mysql、Redis等数据库，对ETL开发熟悉，具备复杂存储过程和sql优化能力的优先3、熟悉数据库，数据仓库（hive）的原理及使用，熟悉数据仓库开发流程，分层架构，对数据敏感。4、有海量数据分析，数据挖掘和统计相关经验，熟悉常用的数据挖掘算法，能够独立承担单个或系列商业智能应用产品的分析、设计和开发工作候选人需具备：聪明+皮实+乐观+自省+靠谱", "ctype": "创业公司", "scale": "500-1000人", "nature": "互联网/电子商务,酒店/旅游", "dlink": "https://jobs.51job.com/shanghai-xhq/109762054.html?s=01&t=0"}
{"cname": "浙江达摩网络科技有限公司", "pname": "高级大数据开发工程师", "workplace": "杭州-西湖区", "welfare": "交通补贴,餐饮补贴,专业培训,绩效奖金,弹性工作,氛围好,项目奖金多多", "salary": "2", "education": "本科", "experience": "3-4年", "requirement": "1、负责基于Hadoop/Spark/Hive/Storm/kafka等分布式计算平台实现离线分析、实时分析的计算框架；2、负责平台数据仓库的选型、设计、开发、维护工作；3、负责上述计算平台系统的可用性、容量、性能、监控、发布、安全等运维管理工作，确保系统持续稳定、高效运行；4、协调大数据团队高效的进行数据处理、分析、统计、挖掘工作；岗位要求：1、熟悉服务器/存储/网络/OS等基础架构基本元素，熟悉linux操作系统，具备较强的调优排障能力；2、熟悉Hadoop、Spark等大数据框架，有大型分布式计算开发、部署等相关经验；3、熟悉shell/python或其他脚本语言中的任意一门，有扎实的Java开发基础，了解jvm的运行机制以及相应调优；4、能够独立完成项目的系统分析、设计，并主导完成详细设计和编码的任务。5、注重性能，良好的代码管理及重构意识。具备独立沟通需求，设计，架构，开发的能力；6、熟悉主流的数据存储产品，有开发经验者优先。如：HBase，Hive，Redis，MongoDB，MySQL等；7、有团队管理经验者优先。", "ctype": "民营公司", "scale": "50-150人", "nature": "计算机软件,互联网/电子商务", "dlink": "https://jobs.51job.com/hangzhou-xhq/99628677.html?s=01&t=0"}
{"cname": "上海明据信息科技有限公司", "pname": "大数据分析与开发工程师（懂R）", "workplace": "上海", "welfare": "周末双休,带薪年假,五险一金,节日福利,餐饮补贴,员工旅游,绩效奖金,年终奖金,定期体检,团队建设", "salary": "1.5", "education": "招若干人", "experience": "不限", "requirement": "岗位职责：1.通过海量数据挖掘、机器学习等方法，构建用户画像、个性化推荐、预测、风险控制等系统；2.参与数据挖掘项目的设计、实现、算法调研、优化；3.用户分析、理解及建模，持续提升用户产品体验；4..调研并促进数据挖掘在公司多个业务领域的应用。任职要求：1.国外知名大学本科以上毕业，计算机、数学相关专业背景；2.2年以上算法、海量数据挖掘相关项目经验；3.熟练掌握Java/Python编程语言中的一种，4.熟悉常用机器学习，数据挖掘，推荐系统等相关算法；5.需要熟悉数据应用，熟悉R开发，熟悉数据分析过程和业务问题解决。6.主动性强、学习能力强，易沟通，团队合作精神佳。", "ctype": "民营公司", "scale": "50-150人", "nature": "计算机服务(系统、数据服务、维修),互联网/电子商务", "dlink": "https://jobs.51job.com/shanghai/108289868.html?s=01&t=0"}
{"cname": "赫基集团－总部", "pname": "大数据工程师", "workplace": "广州-天河区", "welfare": "五险一金,补充医疗保险,年终奖金,定期体检", "salary": "1", "education": "本科", "experience": "1年", "requirement": "1.参与公司大数据平台相关产品的设计，开发、文档撰写和项目改进，参与公司大数据平台上业务应用的功能设计及架构规划；2.协助平台架构师进行大数据底层平台整体架构设计、技术路线规划等工作，发行大数据基础平台建设，建立实时和离线大数据处理模型；3.为其他项目组提供大数据技术指导及分析手段支持；对技术和工作充满热情，具备良好的沟通能力，较强的责任心及团队合作精神、勇于挑战，能承受一定工作压力；富有责任心，热情，积极向上；4.能承担压力，具备良好的沟通表达能力。具有海量数据处理、优化经验，有大型大数据成熟项目经验的优先考虑1.本科及以上学历，1年以上大数据开发相关工作经验；2.熟悉数据仓库和数据建模的相关技术,熟悉Hadoop、Hive、HDFS等开源项目，对基于Hadoop的大数据生态体系有深入认识；3.熟悉spark体系，sparkSQL和sparkStreaming；4.熟悉Linux集群，熟悉Java/Python中的一种或多种语言，熟练掌握多线程、并发处理、I/O与网络通讯相关原理及类库，熟练掌握多种设计模式；5.熟悉Mysql，可熟练编写SQL语句及存储过程，了解SQL性能调优；6.能使用JAVA或者python进行程序开发； 7.有良好的编码习惯和测试意识，能遵循开发流程、文档规范和编码规范，能独立学习技术并解决问题，对新技术有钻研精神，有长期维护的技术博客者优先1.了解Presto,Druid,Azkaban,Ambari并有使用经验；2.熟悉Scala语言；3.了解Sklearn,Tensorflow,Paddlepaddle等机器学习,深度学习框架；4.对零售行业有所了解;5.熟悉Flink", "ctype": "外资（非欧美）", "scale": "500-1000人", "nature": "服装/纺织/皮革", "dlink": "https://jobs.51job.com/guangzhou-thq/109955369.html?s=01&t=0"}
{"cname": "山东九旭信息科技有限公司", "pname": "机器学习工程师（大数据挖掘）", "workplace": "济南-历下区", "welfare": "五险一金,绩效奖金,年终奖金", "salary": "0.8", "education": "大专", "experience": "1年", "requirement": "1、结合数据挖掘、机器学习、自然语言处理、聚类等技术分析海量文本数据，设计基于数据的学习模型和策略，解决核心业务需求；2、负责将深度学习技术应用到自然语言处理、文本分类、精准分析、文本搜索等数据挖掘领域相关的项目；3、从事文本数据的分析与挖掘工作，包括但不限于文本分类/聚类、知识提取、情感分析、语义理解、相似度计算等；4、利用现有开源深度学习软件如Tensorflow,CNTK,Caffe等构建深度学习系统解决实际问题。任职要求：1、本科以上学历，有相关学术研究经验或者计算机相关专业毕业；2、理解一些常用的特征选择和矩阵分解的算法，熟悉数据挖掘、大数据等领域技术，掌握常见的分析挖掘算法如决策树、SVM、聚类等，熟悉深度神经网络和常用机器学习模型，利用机器学习/神经网络技术构建评价模型，建立专家知识库。对常用的开源框架，如Caffe、Theano或ConevNet等有实践经验者优先考虑，有编程实现过近几年深度学习相关论文算法者着重考虑；3.熟练使用python，C++；", "ctype": "民营公司", "scale": "少于50人", "nature": "计算机软件", "dlink": "https://jobs.51job.com/jinan-lxq/102931201.html?s=01&t=0"}
{"cname": "上海网新恒天软件有限公司", "pname": "大数据开发（Nike）", "workplace": "上海-杨浦区", "welfare": "五险一金,绩效奖金,年终奖金", "salary": "1", "education": "本科", "experience": "3-4年", "requirement": "角色职责：·使用敏捷/Scrum方法与产品所有者、数据分析师和业务伙伴协作设计和实现数据产品和特性·促进处理和存储大数据量的总体架构、框架和模式·研究、评估和利用以大量数据处理为中心的新技术/工具/框架·将产品待办事项转化为工程设计和逻辑工作单元·为了设计可伸缩的解决方案而配置和分析数据·为给定的技术方案定义和应用适当的数据获取和消费战略·使用在大型数据生态系统中流行的工具和语言设计和实现分布式数据处理管道·构建实用程序、用户定义的函数、库和框架，以更好地实现数据流模式·使用工作流编排工具实现复杂的自动化例程·与体系结构、工程领导和其他团队合作，以确保实现质量解决方案，并确定和遵守工程***实践·预测、确定和解决与数据管理有关的问题，以提高数据质量·构建和合并自动化单元测试，并参与集成测试工作·利用和推进持续集成和部署框架·排除数据问题并进行根本原因分析●跨团队合作解决运营和性能问题以下资历和技术技能将使你适合这个职位：·计算机科学或相关技术学科理学士/理学士学位·1年以上大型软件开发经验，2年以上大型数据经验·有很强的编程经验，Python或Scala优先·有设计、估计和执行复杂软件项目的经验●具有丰富的Hadoop和相关处理框架经验，如Spark、Hive、Storm等。●具有RDBMS系统、SQL和SQL分析功能的经验●使用工作流编排工具（如ApacheAirflow）的经验●具有Github或Bitbucket等源代码控制工具的经验·在性能和可伸缩性调优方面的经验●能够与团队成员和业务利益相关者进行有效的口头和书面影响和沟通●对新语言、技术和框架的兴趣和能力·在敏捷/Scrum应用程序开发方面的经验以下技能和经验也与我们的整体环境有关，并且很高兴拥有：JAVA经验·在公共云环境中工作的经验，尤其是AWS·具有云仓库工具（如Snowflake）的经验●具有消息传递/流/复杂事件处理工具和框架的经验，如Kinesis、Kafka、SparkStreaming、Fl.、Nifi等。●具有使用NoSQL数据存储（如HBase、DynamoDB等）的经验。·建立RESTfulAPI以启用数据消耗的经验●具有构建工具（如Terraform或CloudFormation）和自动化工具（如Jenkins或CircleCI）的经验·具有诸如可持续发展、持续集成和自动测试等实践的经验", "ctype": "合资", "scale": "1000-5000人", "nature": "计算机软件,互联网/电子商务", "dlink": "https://jobs.51job.com/shanghai-ypq/109956974.html?s=01&t=0"}
{"cname": "江苏润和软件股份有限公司", "pname": "大数据开发工程师", "workplace": "深圳-宝安区", "welfare": "五险一金,绩效奖金,年终奖金", "salary": "1.1", "education": "本科", "experience": "5-7年", "requirement": "岗位职责：1、负责大数据用户运营系统的设计、开发工作 2、深入理解新业务的需求、场景、后续发展方向，进行系统分析、架构设计以及核心功能的开发 ；3、解决系统遇到的业务、技术方面问题，寻找可行的改进方案并推行 ；岗位要求:1、5年及以上实际Java后端研发经验，熟练使用 Spring、Spring MVC、MyBatis 等框架，并对框架原理有所了解 2、熟悉分布式缓存、消息队列的使用；有大型分布式、高并发、高负载、高可用性系统设计开发经验 3、熟悉Hadoop、Hive、Spark等大数据技术，对MySQL、Redis、HBase等数据库有一定的了解和使用经验4、具备良好的团队合作精神和承压能力，善于学习和思考，能独立分析和解决问题 5、一定的技术规划和设计能力，发现架构设计中存在的问题，并给出有效的解决措施和方法 6、有互联网营销系统、订单系统、API网关系统研发经验者优先；有人员指导经验者优先", "ctype": "民营公司", "scale": "5000-10000人", "nature": "计算机软件,计算机硬件", "dlink": "https://jobs.51job.com/shenzhen-baq/109958332.html?s=01&t=0"}
{"cname": "中关村科技软件股份有限公司", "pname": "售前咨询顾问（大数据方向）", "workplace": "北京", "welfare": "五险一金,补充医疗保险,员工旅游,餐饮补贴,弹性工作,定期体检,节日福利", "salary": "1", "education": "本科", "experience": "3-4年", "requirement": "岗位职责： 1、负责大数据项目及解决方案的售前支持； 2、配合业务方向引导客户需求，提供解决方案，赢得客户技术认可； 3、项目售前材料（解决方案、技术投标书、产品白皮书等）编写； 4、参与公司项目投标，负责沟通客户需求、协调演示、方案编写及讲解； 5、负责完成前期咨询服务与后期项目实施落地工作的衔接。岗位要求： 1、熟悉Hadoop相关技术，包括HDFS、MapReduce、HBase、Spark、Hive、Solr等，熟悉主流的BI、数据仓库产品； 2、熟悉使用Axure等原型设计工具；  3、良好的表达沟通能力，良好的方案编写、讲解与演讲能力；  4、了解政务大数据、智慧城市相关政策、指导意见及标准规范； 5、熟悉政府信息化，尤其是人口、经济、城市管理等领域经验的优先考虑； 6、有大数据项目实施经验的优先考虑。", "ctype": "合资", "scale": "50-150人", "nature": "计算机软件,计算机服务(系统、数据服务、维修)", "dlink": "https://jobs.51job.com/beijing/99350724.html?s=01&t=0"}
{"cname": "江苏红豆物联科技有限公司", "pname": "大数据分析师", "workplace": "无锡-锡山区", "welfare": "五险一金,免费班车,餐饮补贴,通讯补贴,专业培训,绩效奖金,年终奖金", "salary": "1", "education": "本科", "experience": "1年", "requirement": "职责：1、及时、准确的输出各业务线的数据需求，并依据数据结果提供建议；2、充分熟悉现有的数据资源及业务场景，建立适合业务场景的数据模型；3、参与用户画像系统的建立，产出合理的用户标签；4、参与线上用户行为分析，产出用户线上流转路径，预测用户流转结果；5、较强的数据敏感度，逻辑分析能力和文档写作能力，定期输出相关数据分析项目的报告。任职要求：1、熟悉Mysql或Oracle等数据库及sql数据查询；2、熟悉SAS，SPSS、R等至少一种统计分析软件及编程语言；3、熟悉统计建模理论，有回归、分类、聚类、决策树等建模经验；4、2年或以上数据分析相关工作经验；5、本科及以上学历，计算机、统计学、应用数学等相关专业。", "ctype": "民营公司", "scale": "50-150人", "nature": "通信/电信/网络设备", "dlink": "https://jobs.51job.com/wuxi-xsq/109958939.html?s=01&t=0"}
{"cname": "北京思特奇信息技术股份有限公司", "pname": "大数据方向——java开发工程师", "workplace": "济南", "welfare": "五险一金,补充医疗保险,员工旅游,交通补贴,餐饮补贴,通讯补贴,专业培训,绩效奖金,弹性工作,定期体检", "salary": "6", "education": "本科", "experience": "不限", "requirement": "您的工作内容：1、参与电信运营商收入保障类系统项目的项目实施； 2、负责工程项目需求的开发实现，与客户的需求对接； 3、负责项目实族过程中的技术文档编写，技术方案设计我们对您的要求：1、一年以上实际JAVA项目开发实施工作经验，有电信行业支撑系统经验优先，OLAP类系统经验优先； 2、熟练掌握JAVA、JSP、JS技术；熟悉springmvc、Spring、mybatis、bootstrap等框架,熟练操作ORACLE、MYSQL数据库； 3、了解主流分布式存储、分布式计算、分布式服务等相关技术框架者优先 4、思路清晰，善于思考，能独立分析和解决问题； 5、 责任心强，具备良好的团队合作精神；积极向上、良好的学习能力优先；；我们给您的提升：1、带领研发团队、提升领导力；2、深入电信领域产品研发的核心技术；3、全面发展、不局限；加入我们的理由：1、一切从薪开始：我们提供具行业竞争力的工资2、靠谱完善的福利待遇：七险一金+餐补+话补+交通补贴+双休+带薪年假+节日福利等都是小意思3、不让时间浪费在路上：思特奇位于高新技术企业集中的齐鲁软件园附近，舜华路1509号中国联通三楼4、带你培训带你飞：定期组织外部和内部职业化和管理能力培训（部门内部培训、公司层面培训）、给予个性化的培训资助5、透明的晋升机制：明确的晋升制度、健全的管理体系、工资和职位的提升机会就在眼前你是否已经对小公司的发展空间感到窒息？你是否正在为储存已久的能量寻找更为广阔的平台？别再犹豫了、生命短暂、经不起一份错误的工作、快加入我们吧！", "ctype": "上市公司", "scale": "1000-5000人", "nature": "计算机软件,通信/电信/网络设备", "dlink": "https://jobs.51job.com/jinan/109940524.html?s=01&t=0"}
{"cname": "叮咚买菜--上海壹佰米网络科技有限公司", "pname": "大数据架构师", "workplace": "上海", "welfare": "五险一金,餐饮补贴,定期体检,年终奖金,员工旅游", "salary": "4", "education": "本科", "experience": "8-9年", "requirement": "岗位职责：负责供应链相关系统的大数据平台和大数据处理模块的技术选型，架构设计和搭建（支持离线计算及实时流处理），基于业务场景设计最优的系统级方案。对大数据平台不断进行分析及优化，提升系统的性能及数据处理能力。协调解决开发中的技术问题，设计和监控运营指标，保障系统稳定运行。、协助算法工程师在大数据平台搭建实时推荐系统；岗位要求：本科以上学历，年以上工作经验；可独立进行大中型数据平台架构设计和搭建、模型设计、设计，支持离线定时任务及实时流处理。熟悉相关各种开源项目，掌握、、、、等数据处理核心组件；对、、的原理有深入了解，掌握系统优化、资源分配与权限控制。", "ctype": "民营公司", "scale": "1000-5000人", "nature": "互联网/电子商务,计算机软件", "dlink": "https://jobs.51job.com/shanghai/107331026.html?s=01&t=0"}
{"cname": "三门峡崤云信息服务股份有限公司", "pname": "大数据交付专家", "workplace": "三门峡", "welfare": "五险一金,年终奖金,专业培训,弹性工作", "salary": "0.8", "education": "招1人", "experience": "不限", "requirement": "岗位职责：1、负责公司大数据平台解决方案的制定、设计、实施等工作；2、负责公司大数据平台的架构设计、调整、运维工作；3、精通Hadoop生态圈，熟悉HDFS、Spark、Storm、Kylin、Hive、HBase等组件；4、负责公司大数据平台交付团队建设、赋能和技术管理工作；任职要求：1、计算机等相关专业本科及以上学历，5年以上大数据交付相关工作；2、熟悉Linux操作系统；3、熟悉Oracle/SQLServer/MySql等数据库产品，熟练掌握SQL技能；4、熟悉大数据相关技术如MPP、HDFS、HBase、MR5、具备数据ETL、数据治理、数据建仓技能及相关项目经验，有数据共享交换平台、资源目录及人口、法人等基础库建设经验者优先；6、熟悉网络编程、多线程、Hadoop/Spark分布式编程技术，对数据结构和算法设计有较为深刻的理解，至少精通一门编程语言（C/C++，Java，Python，Scala等）；7、具备良好的学习能力、资料撰写能力、培训授课能力，具有良好的团队协作精神；8、具备一定的团队管理能力，可以带3-5人团队；", "ctype": "国企", "scale": "50-150人", "nature": "计算机服务(系统、数据服务、维修),计算机软件", "dlink": "https://jobs.51job.com/sanmenxia/108988905.html?s=01&t=0"}
{"cname": "北京海存志合科技股份有限公司", "pname": "大数据项目销售/大客户管理", "workplace": "北京-海淀区", "welfare": "五险一金,年终奖金,绩效奖金,股票期权,定期体检,交通补贴,餐饮补贴", "salary": "1", "education": "本科", "experience": "5-7年", "requirement": "【你需要做的事】1、与政府部门协作，进行大数据项目的协调、组织、运作。2、参与各产业联盟，挖掘项目机会。3、与各大央企、平台公司、大型科技公司合作开展业务。4、开拓市场、维护客户、沟通方案、投标。5、带领专项小组和团队进行项目组织、协调、管理。【你需要具备的条件】1、具备政府、建设主管部门、信息化部门等软件项目经验。2、有软件、大数据、人工智能集成类项目经验。3、良好的商务形象和公关能力，熟悉政府资金安排、政府采购、招投标程序。4、能适应加班、出差。", "ctype": "民营公司", "scale": "少于50人", "nature": "计算机软件,计算机服务(系统、数据服务、维修)", "dlink": "https://jobs.51job.com/beijing-hdq/105962186.html?s=01&t=0"}
{"cname": "湖南科创信息技术股份有限公司", "pname": "大数据研发工程师-2019届应届生", "workplace": "长沙", "welfare": "五险一金,绩效奖金,年终奖金", "salary": "6", "education": "硕士", "experience": "不限", "requirement": "一、岗位要求：1、硕士以上学历，计算机、软件工程、数学或统计类相关专业，在校学习成绩优秀；2、有扎实的理论基础、较强的动手能力，有良好的分析问题和解决问题的能力、思路清晰、善于沟通；3、有大数据统计分析方向研究学习或经历。二、公司提供的薪酬福利待遇：1、薪酬待遇：6000元/月以上。实习期和试用期免费提供住宿。2、培训成长：岗前培训+实习生强化实训+导师点拨+公司常态化管理培训+公司常态化技术培训及沙龙，助力员工快速成长。3、激励计划：提供调薪及晋升机会，优秀的员工和工作团队奖励,，年度劳模评选。对进步快能力强的员工进入公司关键岗位计划。4、保障制度：入职即购买五险一金，另提供团体意外伤害商业保险。5、员工关怀：员工结婚、生育、生日、生病住院等特殊日子，提供份慰问金或慰问品，同欢乐，共患难。6、其他福利：五天工作制，其他法定节假日按国家规定休假；按规定享受带薪年休假；7、工会活动：员工健康检查，丰富的工会活动，如旅游、球赛及各类文体活动。", "ctype": "上市公司", "scale": "1000-5000人", "nature": "计算机软件,计算机服务(系统、数据服务、维修)", "dlink": "https://jobs.51job.com/changsha/105522418.html?s=01&t=0"}
{"cname": "重庆易极付科技有限公司", "pname": "大数据分析挖掘研发工程师", "workplace": "重庆-渝北区", "welfare": "五险一金,绩效奖金,年终奖金", "salary": "1", "education": "本科", "experience": "5-7年", "requirement": "工作职责:1.负责对数据进行转换、清理、预处理等工作；2.应用数据挖掘/机器学习等技术，对海量数据挖掘建模，挖掘潜在商业价值，应用于数据智能业务；3.对数据分析及挖掘结果的进行可视化分析，设计；4.探索数据可视化，数据报表，多维分析等领域在数据产品上的应用。职位要求：1.良好的逻辑思维能力，能够从海量数据中发现有价值的规律；2.熟悉linux平台，熟练掌握Python/C/R等至少一种编译语言；3.熟悉数据挖掘、机器学习、自然语言处理、文本理解等相关技术；4.有大规模用户行为数据和内容数据挖掘分析经验者优先；5.具备良好的沟通能力和团队合作精神。", "ctype": "民营公司", "scale": "500-1000人", "nature": "互联网/电子商务,银行", "dlink": "https://jobs.51job.com/chongqing-ybq/96418895.html?s=01&t=0"}
{"cname": "合肥斡亿信息科技有限公司", "pname": "大数据开发高级工程师", "workplace": "合肥-高新区", "welfare": "五险一金,餐饮补贴,周末双休,项目奖金,员工活动,带薪年假,半年晋升考核", "salary": "0.8", "education": "本科", "experience": "3-4年", "requirement": "岗位职责：1、负责各种网络数据的采集、清洗、整合工作；2、负责大数据的分布式存储和管理工作；3、负责大数据项目的开发、维护工作；4、负责大数据平台各组件的性能优化工作；5、负责部分设计、开发文档的编写工作。任职资格：1、计算机、通信、数学相关专业本科及以上、3～5年的工作经验；2、熟悉java，python有较强的工程能力；3、熟悉Linux系统，了解Shell脚本语言；4、熟悉Hadoop(HDFS/MapReduce/Hive)、Spark、HBase、Kafka、Flume等常见框架；5、具有良好的逻辑分析能力、沟通能力和协调能力；6、具有金融行业背景优先。薪资待遇：1、基本工资+绩效工资+项目提成；2、五险一金、双休、餐补、员工活动、带薪年假、定期员工活动等；3、近2000平开放式办公，管理扁平化，员工年轻化（90后的地盘），团队氛围轻松，部门之间高度协调配合；深厚的政府和运营商合作关系，销售团队由总经理直接分管，资源开放，晋升发展快；4、管理+技能双向晋升，为每位员工提供广阔的职业发展平台。", "ctype": "民营公司", "scale": "50-150人", "nature": "计算机软件,互联网/电子商务", "dlink": "https://jobs.51job.com/hefei-gxq/109852404.html?s=01&t=0"}
{"cname": "北京博星信息技术有限公司", "pname": "JAVA+大数据开发", "workplace": "北京-海淀区", "welfare": "五险一金,员工旅游,交通补贴,餐饮补贴,通讯补贴,专业培训,绩效奖金,年终奖金,定期体检", "salary": "8", "education": "大专", "experience": "不限", "requirement": "入职条件：1.本科及以上学历，应往届计算机专业毕业生。（优秀者可放宽到大专学历）2.计算机(网络)、软件工程、电子技术、自动化、电子商务、应用数学等相关专业。3.有钻研精神和学习能力，团队合作能力。薪资福利：良好的办公环境：空间宽敞、整洁温馨，为员工营造轻松自由的工作氛围；企业强大的支持：10年以上项目经理定期提供专业、系统的指导；丰富的收入组成：底薪+佣金+年底双薪+奖金；企业的特殊福利：不定期组织活动（聚餐、拓展、年会）、出国旅游奖励、部分岗位可转京籍；工作时间：周一至周五工作制、员工享有年假（逐年增加）、事假、病假、产假、婚假等以及春节、元旦、五一、十一等国家规定的法定节假日", "ctype": "上市公司", "scale": "1000-5000人", "nature": "计算机软件,互联网/电子商务", "dlink": "https://jobs.51job.com/beijing-hdq/99515491.html?s=01&t=0"}
{"cname": "湖南长城医疗科技有限公司", "pname": "大数据架构师", "workplace": "长沙-长沙县", "welfare": "五险一金,餐饮补贴,通讯补贴,定期体检,补充医疗保险,免费班车,年终奖金", "salary": "1.5", "education": "本科", "experience": "5-7年", "requirement": "1、初期重点预研平台架构及实现方案，攻克技术难点，参与平台项目启动阶段业务范围划定与探讨，后期持续投入平台业务架构设计2、负责搭建有前瞻性组件化的体系架构，快速满足最小业务范围要求并具备一定的架构扩展性，满足可预见业务应用范围内的业务要求；3、负责预研选型多种大数据处理应用工具，保证软件能力基础上尽可能缩短开发周期；任职要求：1、具备大型B端软件系统架构设计能力；2、快速学习并应用的能力；3、套件化思维；4、熟悉hive\\hadoop\\spark等大数据分布式架构；5、熟悉分布式大数据应用建模。6、掌握至少一种ETL工具，能熟练使用【福利政策】1、工作时间：8：30-17：00，周末双休，享受国家法定假日。2、福利补助：公司提供六险二金、伙食补助、妇卫费、过节费、生日贺礼等；3、住宿交通：河东、河西班车接送上下班；提供集体宿舍；设有员工福利食堂；4、职业发展：新员工导师制传帮带培训、完善的内部培训体系、关键岗位后备人才培养；良好的职业晋升通道，广阔的发展平台。5、员工活动：园区内有篮球场，且设有员工活动中心，每年公司为员工举办丰富多彩的活动竞赛。", "ctype": "国企", "scale": "150-500人", "nature": "计算机软件,计算机硬件", "dlink": "https://jobs.51job.com/changsha-csx/109739537.html?s=01&t=0"}
{"cname": "重庆盼达汽车租赁有限公司", "pname": "大数据产品经理", "workplace": "重庆-渝北区", "welfare": "五险一金,定期体检,年终奖金,弹性工作,专业培训,绩效奖金,带薪年假,周末双休,加班补贴,高温补贴", "salary": "1", "education": "本科", "experience": "3-4年", "requirement": "岗位描述：1、负责数据产品需求分析、产品功能和用户体验设计,负责公司数据分析、数据服务等相关业务的市场调研、需求分析、产品定位、产品架构、业务模型及详细功能的设计；2、以数据为驱动力，深度挖掘出行行业的数据应用需求，针对产品制定相关计划，设计相关的解决方案和产品，并负责推动落实具体目标达成；3、组织产品的业务和研发，协调推动完成数据产品，包括产品文档撰写、原型设计、跟踪产品开发进展、数据埋点、发布、用户反馈跟进、产品迭代；任职资格：1、本科以上学历，计算机、统计学、数学等相关专业优先，需求一定技术研发背景，侧重数据挖掘、数据系统、数据产品；2、必须熟练掌握axure软件的应用，具备优秀的数据可视化能力；3、具备较强的数据分析能力、逻辑思维能力、沟通能力，能够有效整合团队资源推动业务发展；4、具备出行行业数据统计、数据产品设计经验优先；5、清晰缜密的逻辑思维，独立分析调研能力，有热情，富于创新精神，有意愿尝试探索新产品方向。", "ctype": "民营公司", "scale": "500-1000人", "nature": "互联网/电子商务,租赁服务", "dlink": "https://jobs.51job.com/chongqing-ybq/107216128.html?s=01&t=0"}
{"cname": "大连东软思维科技发展有限公司", "pname": "大数据算法分析工程师", "workplace": "长沙-芙蓉区", "welfare": "五险一金,年终奖金,定期体检,交通补贴", "salary": "1", "education": "本科", "experience": "3-4年", "requirement": "东软全资子公司1、主要负责业务系统算法及模型的分析、优化；2、全程参与系统架构的设计；3、全程参与新技术的调研；任职要求：1、数学，统计学，经济学等相关专业硕士以上学历，对算法、海量数据挖掘有业界实践经验；优秀本科工作实践经验丰富者也可。2、良好的商业嗅觉，有丰富的数据分析、挖掘和建模的经验，熟悉聚类，判别分析，回归分析，协同过滤，用户画像等模型，擅长机器学习优先考虑；3、熟悉常用机器学习和数据挖掘算法，包括但不限于决策树、系统过滤、支持向量机、线性回归、逻辑斯谛回归以及神经网络等算法；4、熟悉数据库技术，熟练运用SQL及其他語言，能高效的与技术团队进行沟通；5、熟练掌握Java/Python/Scala编程语言中的一种，熟悉Mahout/R/MLLib中的一种算法框架。福利1、三年劳动合同，入职公司即为员工办理五险一金；2、年终奖金；3、双休、国家法定假、年假、婚假、丧假、产假/陪产假；4、公司每年举办大型文娱活动5、人文关怀：贴心的节日礼品，定期体检简历可发至邮箱wuyt@neusoft.com电话详询024-83662129", "ctype": "民营公司", "scale": "1000-5000人", "nature": "计算机软件", "dlink": "https://jobs.51job.com/changsha-frq/109436632.html?s=01&t=0"}
{"cname": "杭州市商贸旅游集团有限公司", "pname": "总部大数据管理岗（2018春招）", "workplace": "杭州-上城区", "welfare": "五险一金,绩效奖金,餐饮补贴,交通补贴,通讯补贴", "salary": "6", "education": "本科", "experience": "3-4年", "requirement": "岗位职责：1、制订集团公司信息化规划和年度计划，推进集团公司信息化建设；2、制订集团信息化管理方案或制度，保障集团公司信息化顺利推进；3、协助开展集团企业实施实体+互联网，发挥信息管理中心的作用，加快集团转型升级；4、负责集团公司信息化系统的建设、维护和安全管理工作，确保集团信息化系统正常运行；5、开展集团公司信息技术和信息化工作等方面的指导、咨询、交流和培训工作，发挥信息技术在企业管理的效用；6、审核、制订集团公司大数据管理方案、制度，推进集团公司大数据平台中心建设；7、建设集团大数据平台中心，推进集团大数据资源整合共享；8、协助开发集团公司大数据应用功能，促进集团和系统企业更好发展。资格条件：1、具有大数据分析、计算机、通讯信息和统计学等专业知识，熟悉数据库平台建设，Java及Web，SAS等编程和数据架构技术等；                               2、三年及以上数据管理、数据分析和数据产品管理等相关工作经验，从事过商贸、旅游、金融投资等行业的优先考虑；                                                          3、具有极强的宏观经济数据分析能力、数据处理能力，有商业敏感度和洞察力、沟通表达能力和文字工作能力；                                                   4、能熟练数据运用和分析相关软件，熟练使用word、excle等office办公软件。", "ctype": "国企", "scale": "10000人以上", "nature": "多元化业务集团公司", "dlink": "https://jobs.51job.com/hangzhou-scq/95104891.html?s=01&t=0"}
{"cname": "深圳市赛瑞产业研究有限公司", "pname": "大数据架构师", "workplace": "深圳-南山区", "welfare": "五险一金,员工旅游,弹性工作,绩效奖金,年终奖金,股票期权", "salary": "2", "education": "大专", "experience": "5-7年", "requirement": "职责描述：1.负责大数据平台架构设计、技术预研、大数据平台搭建及撰写相关文档等工作；2.参与业务需求调研，根据需求及行业特点设计大数据解决方案并跟进具体实施项目；3.对系统框架相关技术和业务进行培训，并负责核心代码编写，指导团队开发及解决出现的系统问题；4.制定大数据数据质量、业务质量监控及管理方案；任职要求：1、计算机相关专业，本科及以上学历；五年以上java及WEB应用软件开发经验，三年以上系统设计经验。开发、策划及运作经验，业务技能精湛;2、精通java，熟悉liunx系统和数据库基本原理;3、熟悉flumekafkarediseshbasemongodb等相关来源组件;4、熟悉sparkstreamingstormflinkbeam流计算技术，有实时流计算引擎平台化架构经验优先;5、具备系统调优、性能调优等技能，对疑难技术问题具备较强的排查能力;6、对技术有激情，有较强的独立、主动的学习能力，良好的沟通表达能力和团队协作能力；7、分布式计算或海量数据应用经验者优先;先，有大型网站构建经验者优先。", "ctype": "民营公司", "scale": "50-150人", "nature": "专业服务(咨询、人力资源、财会),互联网/电子商务", "dlink": "https://jobs.51job.com/shenzhen-nsq/103179070.html?s=01&t=0"}
{"cname": "房源控股", "pname": "大数据应用开发工程师", "workplace": "中山", "welfare": "带薪年假,专业培训,绩效奖金,全勤奖,年底分红,五险一金,节日福利,交通补贴,通讯补贴,弹性工作", "salary": "6", "education": "本科", "experience": "2年", "requirement": "招聘城市：深圳，广州，中山，江门【岗位职责】：1、负责大数据应用体系的建设；2、负责推荐引擎、搜索系统等项目的工程端开发；3、参与完成一部分ETL相关工作。【任职要求】：1、计算机相关专业统招本科以上学历，2年以上相关工作经验；2、精通Java语言，有丰富的项目经验；3、熟悉常见的设计模式，熟悉多线程编程；4、熟悉HTTP、WEB服务、SOCKET等技术，并熟悉HBASE、redis等NOSQL存储技术；5、有强烈的责任心和学习能力；6、有Hadoop/Hbase生态经验者优先。【公司福利】1、底薪+提成+绩效奖金+每月团建；2、提供住宿+定期培训+五险；3、生日福利+海外旅游+带薪年假；4、年终分红。", "ctype": "创业公司", "scale": "50-150人", "nature": "互联网/电子商务", "dlink": "https://jobs.51job.com/zhongshan/106656873.html?s=01&t=0"}
{"cname": "霍尔果斯旗发信息技术有限公司", "pname": "大数据开发工程师", "workplace": "上海-杨浦区", "welfare": "五险一金,做五休二,带薪年假,绩效奖金,节日福利,交通补贴", "salary": "2", "education": "本科", "experience": "5-7年", "requirement": "岗位职责：1、参与公司风控系统架构设计、选型和开发改造；2、风控系统与业务系统接口设计及实现等；3、注重技术方面的挑战，在风控引擎及数据分析方面有研究；4、持续优化系统架构；5、根据主管经理的要求，负责业务模块的设计、编码工作（前后端）。岗位要求：1、全日制本科及以上学历，五年及以上开发经验，一年以上系统架构设计经验，拥有良好的编码习惯，参与需求分析、系统设计，模块设计及核心代码实现；2、有扎实的Java基础，Java多线程、并发以及网络通信有深厚的经验，对Socket通信，TCP/IP和HTTP有较深刻理解和经验的优先；3、熟悉Spring、Mybaits等主流框架以及Web及前端技术（包括webx，Javascript，ajax，json，jQuery等开源框架）；4、熟悉HBase、Oracle、Mysql、Mongo数据库，有较好的SQL基础；熟悉分布式系统的设计和应用，熟悉分布式（hadoop）、缓存、消息机制；5、有风控相关项目经验优先；6、学习能力强，适应能力好，有强烈的责任心。", "ctype": "上市公司", "scale": "500-1000人", "nature": "互联网/电子商务", "dlink": "https://jobs.51job.com/shanghai-ypq/108042980.html?s=01&t=0"}
{"cname": "长威信息科技发展股份有限公司", "pname": "大数据研发工程师", "workplace": "福州", "welfare": "五险一金,员工旅游,餐饮补贴,通讯补贴,专业培训,绩效奖金,年终奖金,股票期权,定期体检", "salary": "1", "education": "本科", "experience": "1年", "requirement": "岗位职责：1.负责海量数据的处理、分析、统计、挖掘工作，建立实时和离线大数据处理模型，负责海量数据场景下的性能优化；2.利用挖掘技术分析用户偏好特征，构建用户画像、精细化运营等业务的数据产品和应用；3.负责对大数据相关的前沿技术进行跟踪和预研。任职要求：1.大学本科及以上学历，计算机或数学等相关专业；1年以上大数据分析和开发工作经验；2.计算机基础扎实，编程能力优秀，熟悉网络编程、多线程、分布式编程技术，可胜任快速原型实现与开发；3.熟悉linux和shell编程，熟练掌握Scala、Python或Java；4.熟悉大数据相关技术和组件应用，如Hadoop，MapReduce，Spark，Storm，HBase，Kafka等；5.精通数据库开发技术，精通SQL语句和存储过程编写，熟练掌握通用数据库软件中一种的体系结构、开发、优化和维护，Oracle优先；6.能够进行海量数据处理流程、程序的设计、开发、优化，保证代码的高性能；7.具有高度的工作热情、责任心和自我能动性，思路周密，代码严谨，执行能力强，善于沟通及有团队合作精神。", "ctype": "民营公司", "scale": "500-1000人", "nature": "计算机软件,计算机硬件", "dlink": "https://jobs.51job.com/fuzhou/95804047.html?s=01&t=0"}
{"cname": "上海蔚捷互联网金融信息服务有限公司", "pname": "大数据平台架构师", "workplace": "上海-长宁区", "welfare": "五险一金,员工旅游,专业培训,弹性工作", "salary": "1.5", "education": "招1人", "experience": "不限", "requirement": "1.负责大数据平台的架构设计和性能调优，构建数据平台和数据仓库建设，支持海量数据的离线和实时分析，对数据敏感；2.理解系统的业务需求，制定系统的整体技术框架、业务框架和系统架构；3.了解实时数据计算和离线数据计算相关技术；4.负责大数据平台的技术攻关，性能调优，解决项目开发过程中的各类问题；5.具备应急的技术处理能力，带领并指导工程师，完成团队的搭建及成长。1.三年及以上大数据平台规划设计，架构和研发经验；1-2年以上软件工程管理经验；2.基于Hadoop的大数据体系有深入认识，具备相关产品（Hadoop、Hive、HBase、Spark、Storm、Flume、Kafka、ES等）项目应用研发经验，有Hadoop集群搭建和管理经验；3.熟悉数据仓库，熟悉实体建模和多维度建模理论基础，有管理过大型数据仓库项目的实战经验；4.有大中型互联网公司数据平台设计和开发工作经验者优先；5.有互联网金融业务（理财、信贷、支付等）背景优先。", "ctype": "民营公司", "scale": "150-500人", "nature": "金融/投资/证券,计算机服务(系统、数据服务、维修)", "dlink": "https://jobs.51job.com/shanghai-cnq/104505420.html?s=01&t=0"}
{"cname": "上海福迈迪工程技术有限公司", "pname": "大数据工程师_车辆测试", "workplace": "北京-朝阳区", "welfare": "做五休二,五险一金,带薪年假,周末双休,节日福利", "salary": "1.5", "education": "本科", "experience": "2年", "requirement": "AnalysisofRTMDatawithrespecttoDriving-,Charging-,Parking-Behaviorinordertoimprovebatterymanagementsystemalgorithms.AnalysisisbasedonGBRTMdataandlateronadditionaldataasenvironmental,traffic,userbehaviordataetc.TheimprovementoftheBMSsoftwareshouldbedonebyfeedingRTMdatatoamultidimensionalSOC/SOHmodelwhichiscapabletopredicttheeffectofthespecificusageontooverallbatterylifetimeuntilendoflife(EOL)bytakingintoaccountthecloserelationshipbetweenthebatteriesSOHandit’slifetime.Theanalysishastobecarriedouteithercontinuouslyoratleastonregularbasisandhastobedocumentedbymeansofagraphicalfrontendfordemonstrationpurpose.Therequirementsarealsolikelytobedevelopedfurtherandmightchangeovertimeaccordingtotherequestsofourbatteryexperts.Belowsomeexamplesaregivenwithdifferentdegreeindepthofanalysis:StatisticalAnalysis(StatisticalDescription,(distribution,trends,extreme) -SummaryAnalysisofVehicle-DrivingConditionAnalysis -ChargingBehaviorAnalysis-BatteryConditionAnalysis -MotorConditionAnalysisExploratoryAnalysis(CorrelationFeatures) -Abnormal&ExtremeAnalysis -FaultAlarmAnalysis -BatteryEnergyAnalysis -BatteryHealthAnalysis -DrivingBehaviorAnalysis -TravelAnalysisPredictiveAnalysis(takenadvantageofbothstatisticalandexploratoryAnalysiscombinedwithamultidimensionaltrainablemodel) -FaultWarningAnalysis-SOCEvaluationCorrection -RemainingmileageEvaluation -SOHEvaluationCorrection -BatteryHealthEvaluation -BMSStrategyEvaluationExpectedqualification  Bigdataanalyticsreport: -Sufficientexperienceandprofessionalmodelsinbigdataanalyticsbusiness -ExperienceintheBMCandRTMproject -Meetprojectneedswithflexibilityandagility -Software/ProgrammingEngineerwithdeepDatabase(SQL,MariaDB)knowledge -ProficientProgrammingskillsinC++andVBA -ProficientMSofficeskillsincludingVBAprogrammingforMSOfficeapplications -ProficientEnglishlanguageskills", "ctype": "外资（欧美）", "scale": "1000-5000人", "nature": "汽车及零配件", "dlink": "https://jobs.51job.com/beijing-cyq/102933139.html?s=01&t=0"}
{"cname": "河姆渡电子商务有限公司", "pname": "大数据开发工程师", "workplace": "上海-浦东新区", "welfare": "五险一金,交通补贴,餐饮补贴,绩效奖金,年终奖金,定期体检", "salary": "1.2", "education": "招1人", "experience": "3-4年", "requirement": "1.java高并发应用服务开发；2.大数据平台报表开发；3.hadoop生态圈系统维护；任职要求：1、本科及以上学历，具有大数据开发经验，精通java语言，熟悉hadoop生态圈；2、熟悉MySQL/Oracle/SQLServer等大型数据库；熟悉NoSQL存储技术；3、经过大项目的锤炼，对软件性能、可用性、可靠性和健壮性有深刻的认识，并能够运用到实际的开发中；4、在高并发和高稳定性方面有经验者优先考虑；有一定的分布式处理经验者优先考虑。", "ctype": "民营公司", "scale": "500-1000人", "nature": "互联网/电子商务", "dlink": "https://jobs.51job.com/shanghai-pdxq/93372867.html?s=01&t=0"}
{"cname": "索菲亚家居股份有限公司", "pname": "大数据开发工程师", "workplace": "广州", "welfare": "五险一金,免费班车,专业培训,绩效奖金,股票期权,定期体检,提供食宿,周末双休", "salary": "0.8", "education": "本科", "experience": "3-4年", "requirement": "岗位职责：1、完成项目与日常的需求分析、开发与上线任务2、参与以下某一领域，包括但不限于大数据处理平台（如HANA、Hadoop等）、分布式存储、资源调度、数据分析工具、消息队列、流处理等方面的项目、运维落地3、能参与大数据团队进行新架构、新技术的攻关研发，并结合公司的业务实际进行应用4、能与数据分析师、业务人员进行合作，完成数据建模、表样开发等工作5、了解机器学习算法、工具，为团队实现业务落地提供支持，包括参与开发、业务讨论等任职要求：1、本科或以上学历、计算机相关类2、在报表开发、数据分析方面有2年以上的工作经验3、曾使用以下BI平台与工具优先，如SAPBW\\BO、SAPHANA等4、曾接触企业财务、供应链、营销分析等工作优先5、具备优秀的逻辑思维能力、良好的团队合作精神、沟通能力、抗压能力、学习能力", "ctype": "上市公司", "scale": "10000人以上", "nature": "家居/室内设计/装潢,家具/家电/玩具/礼品", "dlink": "https://jobs.51job.com/guangzhou/102446284.html?s=01&t=0"}
{"cname": "亚信国际AII", "pname": "大数据开发工程师", "workplace": "合肥", "welfare": "免费班车,弹性工作,五险一金,补充医疗保险,通讯补贴,定期体检,绩效奖金", "salary": "1", "education": "本科", "experience": "1年", "requirement": "工作职责：1. 负责按照业务需求、概要设计文档，进行模块级的详细设计；2. 参与大数据平台的设计、开发、维护与优化，实现产品各项需求3. 根据业务需求，完成产品&解决方案后台逻辑设计，并通过数据库语言实现业务逻辑；4. 承担实施过程中本地个性化需求功能开发、测试和交付。  任职资格：1. 本科毕业，2年以上工作经验；2. 精通SQL Server、了解ORACEL等主流数据库，有一定的数据库设计经验，具有扎实SQL功底，掌握数据库SQL优化，了解etl体系，了解shell编程；3. 了解ETL和OLAP相关知识，熟悉SSIS和SSAS，使用过市场主流的BI工具、或OLAP应用经验优先；  综合素质/加分项：1. 熟悉运营商业务者、有运营商BI系统项目后台开发经验者优先；2. 具有较强的快速学习能力，具备独立解决问题能力；3. 性格开朗，有良好的沟通能力、团队合作意识以及客户服务精神；4. 强烈的工作责任心与敬业精神，工作积极主动、认真负责，具备吃苦耐劳的精神和承受高强度、高压力的良好心理素质；5. 能够承受一定的工作压力并可以根据项目需要加班、出差。", "ctype": "合资", "scale": "少于50人", "nature": "计算机软件", "dlink": "https://jobs.51job.com/hefei/104546804.html?s=01&t=0"}
{"cname": "上海旗计智能科技有限公司合肥分公司", "pname": "银行大数据营销专员五金+双休", "workplace": "合肥-蜀山区", "welfare": "五险一金,绩效奖金,年终奖金", "salary": "6", "education": "招20人", "experience": "不限", "requirement": "旗计智能成立于2012年，是国内领先的大数据金融科技企业，总部位于上海，在北京、深圳、合肥、常州等地设有9家分子公司及办事机构，七大城市16个职场，员工3000余人，主板A股上市公司平台,康旗股份,证券代码300061，公司网址：网址：www.macroflag.com，集团市，集团市值近百亿。因合肥基地项目发展壮大，特向社会招聘以下人才：一.岗位职责1.管理优质客户，按照行方要求向客户提供服务。2.对优质持卡客户信息确认，线上为客户办理相关业务，通过电话、电脑、网络办公。二.工作时间----行政长白班，排休或周末双休，月休8天（没有大夜班和小夜班）三.薪资待遇----平均综合收入4500元上下，能力优秀者7000以上。无责综合底薪+绩效奖金提成+业绩排名奖+内荐奖金1700-1000+一年四次晋升机会四.福利待遇1、免费入职培训7-10天，带薪培训，培训当天办理入职手续，办理住宿手续；2、员工可享受公司正常节假日假期、年假、婚假，过年假8-10天；3、毕业生购买社保五险和住房公积金，实习生购买商业保险；4、提供旅游补贴一季度300、购车补贴12000元、学历提升全额报销学费、年假等优享福利待遇；5、提供员工宿舍（两人间，宿舍配备厨房热水器空调等电器，独立卫浴无线网，可做饭）；", "ctype": "上市公司", "scale": "5000-10000人", "nature": "金融/投资/证券", "dlink": "https://jobs.51job.com/hefei-ssq/109891385.html?s=01&t=0"}
{"cname": "上海得见计算机科技有限公司武汉分公司", "pname": "大数据营销", "workplace": "武汉-武昌区", "welfare": "五险一金,年终奖金,绩效奖金,交通补贴,周末双休,带薪年假,全勤奖300元,团建聚餐", "salary": "1.8", "education": "本科", "experience": "5-7年", "requirement": "1、负责公司市场运营推广工作，包含常规推广、合作渠道拓展、资源整合、自媒体推广等，建立品牌领先优势，提高公司品牌以及产品知名度；2、负责产品优化及推广策略，SEO优化执行，包括页面关键字布置，关键词质量把控，提高网站PR、IP流量和转化率等；3、线上线下推广活动策划组织，不断创新推广手段和渠道，吸引新用户，提高新老用户活跃度和转化率；提高企业曝光度、知名度，增强用户体验和营销效果，4、负责部门营销活动的策划与执行推动、品牌文案包装宣传；5、负责公司项目落地选址，包装设计，提升体验精准营销、口碑营销等工作；6、定期对网络营销相关环节数据进行深入分析，并提出合理有效改进建议；7、带领团队成员积极探索和创新网络营销新手段、新模式，为公司带来业绩的提升。（无5年以上互联网行业经验请勿投递）任职条件：1、本科以上学历，有企业服务类（大数据/精准营销/家居产品市场推广经验)；2、5年以上互联网行业市场推广经验、3年以上团队管理经验，具有强烈的用户敏感度，优秀的决策规划能力，出色的人际沟通能力、商务谈判能力及执行力；。3、对于市场推广有非常精到的理解，在过去的工作中有非常成功的案例；4、有敏锐的营销思维及用户心理把握，对线上线下推广有成熟有效的全局思路。良好的文字编辑处理能力，对网站新闻编辑工作有独到见解；善于信息的搜集与分析，有新颖的创意；5.有良好的市场推广绩效管理经验，以业绩为目标的工作思维；", "ctype": "合资", "scale": "50-150人", "nature": "计算机软件", "dlink": "https://jobs.51job.com/wuhan-wcq/107208664.html?s=01&t=0"}
{"cname": "杰为软件系统（深圳）有限公司", "pname": "大数据开发工程师", "workplace": "深圳-南山区", "welfare": "五险一金,绩效奖金,年终奖金", "salary": "1.5", "education": "招1人", "experience": "不限", "requirement": "工作职责：1、负责公司业务离线数据的分析研发工作，参与核心系统架构设计和实现；2、根据不同的业务需求，灵活快速地完成具有挑战性的项目；3、具备需求分析，以及较强的逻辑分析和独立解决问题能力。职位要求：1、计算机相关专业，本科及以上学历；2、3年以上大数据实际项目开发经验，5年以上工作经验；3、熟悉hadoop系统（yarn,HDFS,Hive,HBase,sqoop）的原理及使用，有一定的运维调优经验；4、有SparkSQL，SparkStreaming实际使用经验，并能在较复杂的场景中使用5、有大批量数据离线分析的实际项目经验；6、熟悉Elasticsearch的安装，维护及使用（加分）；7、精通java语言，熟悉Spring、Struts、Hibernate等开源框架（加分）。", "ctype": "合资", "scale": "150-500人", "nature": "计算机服务(系统、数据服务、维修),计算机软件", "dlink": "https://jobs.51job.com/shenzhen-nsq/109249541.html?s=01&t=0"}
{"cname": "卓望信息技术（北京）有限公司", "pname": "大数据开发工程师（索引算法）", "workplace": "北京-丰台区", "welfare": "五险一金,补充医疗保险,餐饮补贴,通讯补贴,专业培训,绩效奖金,年终奖金,弹性工作,定期体检", "salary": "1.5", "education": "本科", "experience": "不限", "requirement": "职责描述：1、编写相关设计文档、相关业务功能代码；2、参与产品规划、系统架构及性能调优；3、针对公司需求提供大数据索引建立解决方案；4、进行索引检索开发、优化、提高数据检索性能；5、与后台接口进行联调；6、独立完成小型项目的系统分析，并完成编码的任务，确保项目的进度和质量。任职要求：1、本科及以上学历，3年以上工作经验2、精通Java语言；熟练使用sql和oracle、mysql等数据库;熟悉Linux开发系统，熟悉至少一种脚本语言（PHP/shell/python/perl）；3、精通搜索引擎的常用框架（Lucene、Solr、es等）和相关技术（索引、分词）；有搜索系统（如Lucene、Solr、es等）架构设计经验者优先;4、熟练掌握索引的使用；5、具备大数据的处理能力，掌握hive、hbase、es、SQL，hadoop，storm等相关数据处理工具者优先；6、较强的分析能力，逻辑推理能力；编写文档的能力；", "ctype": "外资（非欧美）", "scale": "1000-5000人", "nature": "互联网/电子商务,通信/电信运营、增值服务", "dlink": "https://jobs.51job.com/beijing-ftq/102527042.html?s=01&t=0"}
{"cname": "深圳市乐思软件技术有限公司", "pname": "PHP高级软件工程师（大数据，做产品）", "workplace": "深圳-南山区", "welfare": "五险一金,绩效奖金,定期体检,员工旅游,补充医疗保险,通讯补贴,出国机会,年终奖金", "salary": "1", "education": "本科", "experience": "2年", "requirement": "开发基于网络信息的展示与分析Web平台 （PHP+MySQL） --目标：开发全球领先的网络情报监测系统1、具有2年以上PHP的项目开发经验，掌握LAMP开发及其工作原理；2、对面向对象编程有自己独到见解，熟练至少一种主流框架使用例如：YII，ThinkPHP, Vue, React Native等；3、熟悉MySQL，熟练运用SQL语句，具备MySQL优化经验，具有MySQL分区、分表等集群设计经验者优先；4、熟练JavaScript、AJAX、XHTML、CSS、JQuery，Bootstrap等Web前端技术以及第三方组件如mangodb，redis，memcache, solr, ElasticSearch等 ；5、热爱技术，乐于专研各类技术难点问题，具备较强自我学习能力；6、具备良好的编码规范，及确保代码质量及可维护性的编码习惯。　 1、参与项目整体开发和计划； 2、参与项目系统设计； 3、编写核心代码； 4、给初级软件工程师传授技术和经验 如果你了解或熟悉以下技术更好：搜索引擎，全文检索，分布式计算，中文分词，文本挖掘，数据可视化。薪酬福利：工资构成： 基本工资+绩效奖金，依据个人能力及工作经验，我们提供同行业较具竞争力的工资水平。员工保障计划： 我们为员工提供完善的保障计划，包括国家规定的5险1金，商业险等。员工带薪休假计划：为每位员工提供法律规定的公休假日、法定节假日及婚假、产假等假期。文化活动：　 公司定期进行聚会活动或精神娱乐文化活动。其它：各种过节费（含生日），项目奖，年终奖，等等工作时间：每天7小时，每周35小时：周一至周五：上午9:00—12：00 下午2：00—18：00中午休息公司提供午休床；公司不鼓励加班。", "ctype": "民营公司", "scale": "少于50人", "nature": "计算机软件,互联网/电子商务", "dlink": "https://jobs.51job.com/shenzhen-nsq/39663835.html?s=01&t=0"}
